time,open,high,low,close,real_volume,tick_volume
,,,,,,
2023.04.01 05:15,6000.81,6010.53,5997.18,6005.29,0,246
,,,,,,
2023.04.01 05:10,6014.7,6018.04,5993.8,6001.87,0,299
,,,,,,
2023.04.01 05:05,6027.8,6037.93,6009.9,6013.57,0,299
,,,,,,
2023.04.01 05:00,6033.25,6036.77,6023.57,6026.81,0,299
,,,,,,
2023.04.01 04:55,6041.03,6043.09,6025.13,6033.17,0,299
,,,,,,
2023.04.01 04:50,6048.31,6054.18,6040.26,6040.63,0,299
,,,,,,
2023.04.01 04:45,6072.82,6075.01,6048.16,6048.16,0,299
,,,,,,
2023.04.01 04:40,6078.62,6087.8,6070.51,6071.96,0,300
,,,,,,
2023.04.01 04:35,6087.63,6095.77,6078.34,6078.34,0,298
,,,,,,
2023.04.01 04:30,6067.47,6087.95,6066.21,6086.96,0,298
,,,,,,
2023.04.01 04:25,6067.51,6081.81,6062.86,6067.13,0,299
,,,,,,
2023.04.01 04:20,6074.05,6078.39,6063.19,6066.95,0,300
,,,,,,
2023.04.01 04:15,6066.65,6074.77,6055.64,6074.77,0,298
,,,,,,
2023.04.01 04:10,6064.62,6077.49,6057.88,6065.76,0,298
,,,,,,
2023.04.01 04:05,6058.35,6064.8,6046.57,6064.44,0,299
,,,,,,
2023.04.01 04:00,6048.79,6061.79,6041.1,6058.84,0,299
,,,,,,
2023.04.01 03:55,6056.1,6056.75,6035.06,6048.52,0,299
,,,,,,
2023.04.01 03:50,6045.4,6061.84,6043.69,6056.9,0,299
,,,,,,
2023.04.01 03:45,6032.98,6051.6,6025.24,6044.99,0,300
,,,,,,
2023.04.01 03:40,6048.58,6048.71,6031.81,6033.73,0,298
,,,,,,
2023.04.01 03:35,6056.66,6057.62,6032.74,6048.68,0,299
,,,,,,
2023.04.01 03:30,6066.5,6071.7,6053.92,6056.48,0,299
,,,,,,
2023.04.01 03:25,6066.87,6082.44,6065.83,6067.04,0,299
,,,,,,
2023.04.01 03:20,6065.56,6073.2,6055.16,6066.98,0,299
,,,,,,
2023.04.01 03:15,6059.29,6069.25,6049.36,6065.88,0,300
,,,,,,
2023.04.01 03:10,6055.56,6068.95,6049.09,6057.65,0,299
,,,,,,
2023.04.01 03:05,6039.8,6058.48,6035.42,6056.07,0,297
,,,,,,
2023.04.01 03:00,6044.46,6062.8,6039.91,6040.1,0,300
,,,,,,
2023.04.01 02:55,6056.91,6062.34,6033.39,6042.7,0,300
,,,,,,
2023.04.01 02:50,6050.52,6061.65,6041.44,6057.89,0,298
,,,,,,
2023.04.01 02:45,6041.98,6055.43,6037.6,6051.19,0,300
,,,,,,
2023.04.01 02:40,6046.09,6056.79,6037.32,6042.16,0,297
,,,,,,
2023.04.01 02:35,6062.33,6067.13,6042.42,6045.01,0,299
,,,,,,
2023.04.01 02:30,6087.73,6087.87,6062.66,6062.66,0,299
,,,,,,
2023.04.01 02:25,6103.9,6112.82,6087.43,6089.04,0,299
,,,,,,
2023.04.01 02:20,6103.95,6108.12,6095.47,6103.38,0,298
,,,,,,
2023.04.01 02:15,6093.37,6113.74,6086.16,6103.54,0,297
,,,,,,
2023.04.01 02:10,6092.71,6100.04,6086.19,6092.87,0,298
,,,,,,
2023.04.01 02:05,6072.73,6093.3,6070.73,6092.54,0,300
,,,,,,
2023.04.01 02:00,6081.29,6088.23,6066.2,6072.04,0,299
,,,,,,
2023.04.01 01:55,6112.27,6112.27,6082.15,6083.75,0,299
,,,,,,
2023.04.01 01:50,6105.28,6117.75,6092.65,6112.13,0,298
,,,,,,
2023.04.01 01:45,6099.9,6117.28,6099.69,6105.84,0,299
,,,,,,
2023.04.01 01:40,6086.07,6100.96,6082.67,6098.29,0,299
,,,,,,
2023.04.01 01:35,6060.19,6086.97,6057.05,6085.81,0,298
,,,,,,
2023.04.01 01:30,6037.05,6064.57,6030.52,6061.88,0,299
,,,,,,
2023.04.01 01:25,6051.04,6061.33,6035.9,6035.9,0,299
,,,,,,
2023.04.01 01:20,6044.18,6058.42,6042.67,6050.69,0,299
,,,,,,
2023.04.01 01:15,6069.8,6071.81,6041.93,6044.01,0,298
,,,,,,
2023.04.01 01:10,6058.71,6073.39,6055.21,6069.78,0,296
,,,,,,
2023.04.01 01:05,6035.17,6064.58,6034.96,6059.51,0,298
,,,,,,
2023.04.01 01:00,6058.9,6065.51,6033.94,6035.54,0,300
,,,,,,
2023.04.01 00:55,6057.07,6071.64,6051.95,6059.93,0,299
,,,,,,
2023.04.01 00:50,6074.13,6078.23,6048.12,6056.15,0,296
,,,,,,
2023.04.01 00:45,6046.43,6074.44,6043.8,6074.44,0,299
,,,,,,
2023.04.01 00:40,6041,6050.57,6031.71,6044.83,0,296
,,,,,,
2023.04.01 00:35,6038.99,6044.25,6027.4,6040.77,0,298
,,,,,,
2023.04.01 00:30,6029.65,6047.97,6025.34,6037.41,0,299
,,,,,,
2023.04.01 00:25,6033.31,6036.51,6020.01,6030.15,0,297
,,,,,,
2023.04.01 00:20,6025.08,6051.08,6025.06,6032.76,0,299
,,,,,,
2023.04.01 00:15,6033.34,6038.41,6015.5,6024.77,0,299
,,,,,,
2023.04.01 00:10,6025.69,6044.3,6025.69,6032.76,0,299
,,,,,,
2023.04.01 00:05,6008.46,6033.66,6004.77,6024.61,0,297
,,,,,,
2023.04.01 00:00,6031.23,6032.23,5997.21,6008.41,0,297
,,,,,,
2023.03.31 23:55,6028.46,6034.08,6020.07,6031.9,0,299
,,,,,,
2023.03.31 23:50,6018.38,6038.95,6018.38,6028.11,0,297
,,,,,,
2023.03.31 23:45,6022.6,6027.39,6009.99,6018.9,0,296
,,,,,,
2023.03.31 23:40,6008.92,6028.13,6008.41,6022.4,0,300
,,,,,,
2023.03.31 23:35,5983.92,6011.4,5975.38,6008.46,0,300
,,,,,,
2023.03.31 23:30,5985.73,5993.88,5978.95,5984.91,0,300
,,,,,,
2023.03.31 23:25,5988.5,5993.51,5979.08,5986.05,0,299
,,,,,,
2023.03.31 23:20,5974.69,6000.71,5974.69,5988.02,0,295
,,,,,,
2023.03.31 23:15,5997.34,6000.74,5974.16,5975.13,0,299
,,,,,,
2023.03.31 23:10,6013.49,6014.04,5994.7,5998.77,0,300
,,,,,,
2023.03.31 23:05,6014.11,6017.71,6004.01,6012.87,0,297
,,,,,,
2023.03.31 23:00,6027.01,6029.66,6011.31,6015.38,0,298
,,,,,,
2023.03.31 22:55,6043.24,6043.83,6026.75,6027.23,0,298
,,,,,,
2023.03.31 22:50,6049.31,6060.6,6041.84,6042.76,0,299
,,,,,,
2023.03.31 22:45,6051.54,6053.36,6037.3,6049.86,0,299
,,,,,,
2023.03.31 22:40,6046.33,6063.64,6044.26,6050.2,0,299
,,,,,,
2023.03.31 22:35,6041.44,6061.56,6039.71,6045.82,0,299
,,,,,,
2023.03.31 22:30,6037.84,6042.5,6030.77,6042.48,0,297
,,,,,,
2023.03.31 22:25,6047.86,6058.1,6037.17,6037.17,0,300
,,,,,,
2023.03.31 22:20,6052.47,6054.81,6037.81,6046.73,0,300
,,,,,,
2023.03.31 22:15,6061.37,6065.83,6049.83,6051.2,0,300
,,,,,,
2023.03.31 22:10,6067.37,6074.09,6053.01,6061.86,0,299
,,,,,,
2023.03.31 22:05,6071.01,6078.16,6059.99,6066.53,0,300
,,,,,,
2023.03.31 22:00,6058.92,6074.94,6058.77,6070.64,0,296
,,,,,,
2023.03.31 21:55,6061.09,6069.87,6056.28,6059.93,0,299
,,,,,,
2023.03.31 21:50,6064.8,6067.47,6054.48,6059.87,0,299
,,,,,,
2023.03.31 21:45,6071.65,6080.2,6062.76,6066.6,0,298
,,,,,,
2023.03.31 21:40,6066.12,6077.99,6062.79,6071.84,0,299
,,,,,,
2023.03.31 21:35,6075.7,6087.21,6065.71,6065.71,0,297
,,,,,,
2023.03.31 21:30,6087,6090.77,6066.49,6075.62,0,299
,,,,,,
2023.03.31 21:25,6102.57,6104.25,6087.52,6087.52,0,298
,,,,,,
2023.03.31 21:20,6091.21,6105.11,6082.18,6101.3,0,300
,,,,,,
2023.03.31 21:15,6066.76,6091.71,6063.6,6091.71,0,300
,,,,,,
2023.03.31 21:10,6044.79,6070.7,6044.5,6066.98,0,296
,,,,,,
2023.03.31 21:05,6043.01,6050.24,6032.5,6046.29,0,299
,,,,,,
2023.03.31 21:00,6051.5,6059.1,6039.12,6043.6,0,299
,,,,,,
2023.03.31 20:55,6046.37,6053.91,6040.17,6052.38,0,297
,,,,,,
2023.03.31 20:50,6045.3,6049.83,6036.04,6047.26,0,300
,,,,,,
2023.03.31 20:45,6053.69,6057.23,6043.8,6044.42,0,300
,,,,,,
2023.03.31 20:40,6068.14,6073.69,6053.39,6053.39,0,300
,,,,,,
2023.03.31 20:35,6065.32,6082.16,6059.07,6069.1,0,299
,,,,,,
2023.03.31 20:30,6048.76,6068.66,6042.88,6064.63,0,299
,,,,,,
2023.03.31 20:25,6034.52,6050.95,6034.46,6049.26,0,298
,,,,,,
2023.03.31 20:20,6012.36,6037.08,6009.65,6033.52,0,298
,,,,,,
2023.03.31 20:15,6020.39,6020.39,6002.92,6013.19,0,298
,,,,,,
2023.03.31 20:10,6015.88,6025.96,6009.1,6021.3,0,300
,,,,,,
2023.03.31 20:05,6032.42,6038.57,6009.33,6013.78,0,299
,,,,,,
2023.03.31 20:00,6012.58,6037.74,6007.93,6033.18,0,300
,,,,,,
2023.03.31 19:55,6018.52,6025.68,6011.48,6013.47,0,300
,,,,,,
2023.03.31 19:50,6019.28,6024.7,6013.63,6018.58,0,296
,,,,,,
2023.03.31 19:45,6005.94,6019.86,5993.58,6019.41,0,299
,,,,,,
2023.03.31 19:40,6019.45,6024.01,6005.65,6006.38,0,300
,,,,,,
2023.03.31 19:35,6001.83,6021.17,5994.87,6020.06,0,298
,,,,,,
2023.03.31 19:30,6013.35,6013.35,5994.99,6003.57,0,299
,,,,,,
2023.03.31 19:25,6014.97,6025.8,6011.06,6012.71,0,299
,,,,,,
2023.03.31 19:20,5995.17,6020.06,5992.3,6015.75,0,297
,,,,,,
2023.03.31 19:15,5979.46,6000.21,5977.51,5994.84,0,299
,,,,,,
2023.03.31 19:10,5985.21,5986.65,5964.45,5979.47,0,300
,,,,,,
2023.03.31 19:05,6014.19,6014.68,5983.95,5986.44,0,300
,,,,,,
2023.03.31 19:00,6006.16,6022.62,6006.16,6013.28,0,299
,,,,,,
2023.03.31 18:55,6006.63,6019.04,6003.14,6005.26,0,297
,,,,,,
2023.03.31 18:50,6014.88,6017.3,5998.94,6007.14,0,300
,,,,,,
2023.03.31 18:45,6010.17,6014.7,5997.81,6014.51,0,295
,,,,,,
2023.03.31 18:40,6026.11,6032.99,6009.81,6010.27,0,300
,,,,,,
2023.03.31 18:35,6023.24,6033.57,6021.1,6027.23,0,299
,,,,,,
2023.03.31 18:30,6024,6026.19,6003.31,6021.75,0,299
,,,,,,
2023.03.31 18:25,5997.29,6028.44,5997.28,6023.62,0,298
,,,,,,
2023.03.31 18:20,6011.29,6011.29,5978.41,5997.05,0,297
,,,,,,
2023.03.31 18:15,6005.95,6022.36,6005.95,6012.48,0,298
,,,,,,
2023.03.31 18:10,6007.62,6022.8,5999.06,6004.36,0,297
,,,,,,
2023.03.31 18:05,6012.6,6022.91,6005.41,6005.68,0,298
,,,,,,
2023.03.31 18:00,6002.51,6013.17,5995.06,6011.59,0,300
,,,,,,
2023.03.31 17:55,5969.99,6002.25,5969.99,6002.01,0,298
,,,,,,
2023.03.31 17:50,5964.91,5970.37,5958.25,5969.6,0,294
,,,,,,
2023.03.31 17:45,5962.43,5972.86,5960.06,5963.15,0,299
,,,,,,
2023.03.31 17:40,5966.93,5976.79,5956.87,5961.67,0,299
,,,,,,
2023.03.31 17:35,5977.65,5978.79,5966.55,5967.72,0,299
,,,,,,
2023.03.31 17:30,5991.71,5992.65,5976.42,5978.78,0,299
,,,,,,
2023.03.31 17:25,5986.26,5995.43,5978.17,5992.56,0,299
,,,,,,
2023.03.31 17:20,5978.51,5987.55,5967.48,5987.51,0,297
,,,,,,
2023.03.31 17:15,5999.41,6000.82,5977.46,5979.43,0,300
,,,,,,
2023.03.31 17:10,5983.56,6002.36,5983.56,5999.35,0,299
,,,,,,
2023.03.31 17:05,5983.45,5989.29,5978.91,5984.19,0,297
,,,,,,
2023.03.31 17:00,5981.55,5985.4,5966.54,5982.39,0,297
,,,,,,
2023.03.31 16:55,6002.55,6006.65,5980.23,5982.2,0,300
,,,,,,
2023.03.31 16:50,5980.11,6003.17,5979.12,6001.59,0,297
,,,,,,
2023.03.31 16:45,5989.64,5992.11,5978.31,5979.76,0,299
,,,,,,
2023.03.31 16:40,5985.82,5992.95,5976.31,5990.09,0,296
,,,,,,
2023.03.31 16:35,5980.26,5999.37,5980.02,5986.75,0,299
,,,,,,
2023.03.31 16:30,6012.91,6014.42,5978.25,5980.49,0,297
,,,,,,
2023.03.31 16:25,6021.55,6038.38,6013.19,6013.19,0,298
,,,,,,
2023.03.31 16:20,6016.17,6029.2,6011.53,6021.64,0,297
,,,,,,
2023.03.31 16:15,6035.72,6039.85,6015.84,6015.84,0,300
,,,,,,
2023.03.31 16:10,6043.61,6052.95,6031.52,6035.33,0,297
,,,,,,
2023.03.31 16:05,6018.04,6045.57,6015.56,6043.6,0,300
,,,,,,
2023.03.31 16:00,6026.58,6027.58,6015.44,6018.92,0,299
,,,,,,
2023.03.31 15:55,6017.72,6030.12,6009.73,6027.76,0,297
,,,,,,
2023.03.31 15:50,6020.37,6025.78,6012.66,6017.49,0,300
,,,,,,
2023.03.31 15:45,6017.48,6027.35,6013.12,6020.59,0,298
,,,,,,
2023.03.31 15:40,6010.44,6023.64,6008.67,6016.6,0,300
,,,,,,
2023.03.31 15:35,5969.22,6013.82,5968.27,6010.7,0,299
,,,,,,
2023.03.31 15:30,5955.56,5976.29,5947.15,5969.4,0,299
,,,,,,
2023.03.31 15:25,5947.43,5956.2,5936.45,5955.24,0,300
,,,,,,
2023.03.31 15:20,5920.5,5953.15,5917.16,5948.22,0,297
,,,,,,
2023.03.31 15:15,5931.31,5931.31,5918.68,5920.75,0,300
,,,,,,
2023.03.31 15:10,5951.92,5963.38,5931.62,5932.01,0,299
,,,,,,
2023.03.31 15:05,5962.14,5967.23,5947.03,5952.01,0,298
,,,,,,
2023.03.31 15:00,5960.73,5963.54,5943.11,5961.02,0,299
,,,,,,
2023.03.31 14:55,5961.01,5970.05,5956.1,5960.69,0,299
,,,,,,
2023.03.31 14:50,5972.05,5979.45,5952.07,5960.94,0,300
,,,,,,
2023.03.31 14:45,5973.05,5985.18,5967.27,5971.16,0,298
,,,,,,
2023.03.31 14:40,5992.25,5993.16,5966.97,5972.65,0,298
,,,,,,
2023.03.31 14:35,5978.69,5996.26,5972.85,5992.08,0,299
,,,,,,
2023.03.31 14:30,6007,6008.15,5973.77,5979.67,0,299
,,,,,,
2023.03.31 14:25,6008.94,6010.85,5999.49,6007.98,0,300
,,,,,,
2023.03.31 14:20,5993.01,6011.25,5984.1,6009.59,0,296
,,,,,,
2023.03.31 14:15,5995.39,6000.91,5988.95,5991.68,0,297
,,,,,,
2023.03.31 14:10,5997.02,6006.42,5984.37,5994.76,0,297
,,,,,,
2023.03.31 14:05,6005.58,6021.17,5995.38,5998.51,0,299
,,,,,,
2023.03.31 14:00,6017.97,6022.21,5995.89,6004.64,0,300
,,,,,,
2023.03.31 13:55,6040.01,6048.27,6016.08,6018.29,0,300
,,,,,,
2023.03.31 13:50,6028.31,6038.58,6027.75,6038.58,0,297
,,,,,,
2023.03.31 13:45,6029.83,6040.83,6027.83,6030.67,0,299
,,,,,,
2023.03.31 13:40,6044.38,6044.4,6023.58,6028.52,0,299
,,,,,,
2023.03.31 13:35,6033.72,6049.09,6031.58,6044.36,0,297
,,,,,,
2023.03.31 13:30,6041.88,6048.18,6033.44,6034.69,0,300
,,,,,,
2023.03.31 13:25,6055.75,6061.31,6037.31,6042.55,0,299
,,,,,,
2023.03.31 13:20,6043.93,6072.06,6043.93,6055.65,0,299
,,,,,,
2023.03.31 13:15,6048.59,6050.89,6039.71,6042.07,0,299
,,,,,,
2023.03.31 13:10,6040.81,6055.92,6038.76,6049.09,0,299
,,,,,,
2023.03.31 13:05,6029.99,6052.4,6020.2,6039.57,0,299
,,,,,,
2023.03.31 13:00,6047.08,6048.12,6025.57,6030.46,0,300
,,,,,,
2023.03.31 12:55,6046.65,6060.33,6032.12,6047.07,0,298
,,,,,,
2023.03.31 12:50,6050.24,6050.24,6036.44,6046.58,0,297
,,,,,,
2023.03.31 12:45,6030.38,6058.87,6030.38,6049.52,0,298
,,,,,,
2023.03.31 12:40,6057.7,6058.29,6030.25,6030.59,0,298
,,,,,,
2023.03.31 12:35,6058.98,6061.16,6048.06,6057.44,0,299
,,,,,,
2023.03.31 12:30,6037.33,6064.51,6037.33,6058.61,0,298
,,,,,,
2023.03.31 12:25,6045.38,6051.91,6028.24,6037,0,299
,,,,,,
2023.03.31 12:20,6035.69,6047.44,6029.2,6044.3,0,300
,,,,,,
2023.03.31 12:15,6049.1,6052.12,6034.53,6034.53,0,299
,,,,,,
2023.03.31 12:10,6034.77,6056.81,6034.77,6048.9,0,298
,,,,,,
2023.03.31 12:05,6030.36,6043.53,6018.26,6035.01,0,298
,,,,,,
2023.03.31 12:00,6028.3,6047.51,6027.97,6029.94,0,299
,,,,,,
2023.03.31 11:55,6030.13,6038.27,6023.27,6028.33,0,299
,,,,,,
2023.03.31 11:50,6033.73,6037.69,6024.31,6029.31,0,297
,,,,,,
2023.03.31 11:45,6022.22,6039.95,6016.03,6034.04,0,298
,,,,,,
2023.03.31 11:40,6030.18,6030.27,6006.35,6022.77,0,300
,,,,,,
2023.03.31 11:35,6034.58,6039.56,6028.34,6030.33,0,299
,,,,,,
2023.03.31 11:30,6041.5,6043.41,6024.13,6033.78,0,298
,,,,,,
2023.03.31 11:25,6039.2,6047.01,6033.95,6040.77,0,299
,,,,,,
2023.03.31 11:20,6040.02,6044.18,6030.12,6037.72,0,299
,,,,,,
2023.03.31 11:15,6039.58,6044.81,6026.8,6039.43,0,299
,,,,,,
2023.03.31 11:10,6035.52,6045.68,6030.7,6038.95,0,299
,,,,,,
2023.03.31 11:05,6023.32,6038.21,6013.79,6035.02,0,299
,,,,,,
2023.03.31 11:00,6028.95,6030.49,6016.52,6023.67,0,299
,,,,,,
2023.03.31 10:55,6036.33,6038.86,6022.14,6028.76,0,300
,,,,,,
2023.03.31 10:50,6041.77,6049.27,6034.19,6036.4,0,299
,,,,,,
2023.03.31 10:45,6032,6050.29,6031.01,6043.53,0,297
,,,,,,
2023.03.31 10:40,6024.94,6035.18,6020.29,6031.19,0,300
,,,,,,
2023.03.31 10:35,6040.34,6050.77,6020.84,6025.65,0,300
,,,,,,
2023.03.31 10:30,6039.59,6052.34,6037.17,6040.17,0,298
,,,,,,
2023.03.31 10:25,6056.58,6057.68,6036.4,6040.17,0,298
,,,,,,
2023.03.31 10:20,6043.08,6055.91,6038.21,6055.91,0,299
,,,,,,
2023.03.31 10:15,6045.78,6057.87,6041.04,6042.28,0,297
,,,,,,
2023.03.31 10:10,6034.01,6047.02,6022.93,6046.73,0,299
,,,,,,
2023.03.31 10:05,6035.45,6048.76,6023.23,6034.47,0,296
,,,,,,
2023.03.31 10:00,6027.22,6038.31,6022.82,6035.09,0,296
,,,,,,
2023.03.31 09:55,6047.64,6048.3,6019.99,6026.05,0,298
,,,,,,
2023.03.31 09:50,6052.21,6055.2,6036.07,6047.06,0,298
,,,,,,
2023.03.31 09:45,6070.22,6072.24,6050.34,6053.7,0,300
,,,,,,
2023.03.31 09:40,6064.48,6075.68,6057.72,6070.52,0,299
,,,,,,
2023.03.31 09:35,6072.86,6075.31,6057.11,6064.91,0,297
,,,,,,
2023.03.31 09:30,6060.06,6079.74,6056.26,6072.21,0,299
,,,,,,
2023.03.31 09:25,6063.09,6065.45,6053.7,6060.66,0,298
,,,,,,
2023.03.31 09:20,6047.01,6070.76,6047.01,6062.33,0,297
,,,,,,
2023.03.31 09:15,6052.75,6056.85,6044.29,6047.72,0,299
,,,,,,
2023.03.31 09:10,6068.61,6071.82,6050.81,6052.49,0,297
,,,,,,
2023.03.31 09:05,6069.25,6076.57,6065.69,6068.59,0,298
,,,,,,
2023.03.31 09:00,6035.77,6071.33,6034.54,6068,0,299
,,,,,,
2023.03.31 08:55,6056.59,6056.59,6035.16,6038.06,0,298
,,,,,,
2023.03.31 08:50,6084.41,6084.66,6055.55,6055.55,0,300
,,,,,,
2023.03.31 08:45,6076.58,6090.5,6073.55,6083.38,0,298
,,,,,,
2023.03.31 08:40,6053.72,6076.75,6050.95,6075.89,0,300
,,,,,,
2023.03.31 08:35,6038.65,6059.54,6038.57,6054.13,0,299
,,,,,,
2023.03.31 08:30,6041.71,6041.94,6028.75,6038.56,0,299
,,,,,,
2023.03.31 08:25,6057.04,6059.97,6042.45,6043.33,0,299
,,,,,,
2023.03.31 08:20,6043.24,6062.73,6041.37,6058.06,0,299
,,,,,,
2023.03.31 08:15,6069.52,6069.76,6038.95,6041.4,0,295
,,,,,,
2023.03.31 08:10,6063.15,6082.25,6062.49,6069.01,0,298
,,,,,,
2023.03.31 08:05,6042.12,6064.23,6038.84,6063.22,0,299
,,,,,,
2023.03.31 08:00,6081.7,6090.22,6040.76,6041.91,0,299
,,,,,,
2023.03.31 07:55,6094.23,6098.6,6081.02,6082.53,0,297
,,,,,,
2023.03.31 07:50,6109.55,6118.02,6093.9,6093.9,0,299
,,,,,,
2023.03.31 07:45,6119.78,6121.71,6101.36,6108.8,0,299
,,,,,,
2023.03.31 07:40,6141.81,6149.49,6118.42,6120.06,0,299
,,,,,,
2023.03.31 07:35,6152.78,6161.03,6140.52,6142.12,0,298
,,,,,,
2023.03.31 07:30,6164.56,6171.48,6153.83,6153.83,0,300
,,,,,,
2023.03.31 07:25,6153.96,6165.91,6150.91,6165.02,0,299
,,,,,,
2023.03.31 07:20,6129.3,6162.73,6127.16,6154.29,0,300
,,,,,,
2023.03.31 07:15,6108.88,6131.79,6107.88,6128.77,0,296
,,,,,,
2023.03.31 07:10,6096.35,6113.93,6095.04,6109.9,0,300
,,,,,,
2023.03.31 07:05,6072.39,6100.51,6070.9,6094.48,0,297
,,,,,,
2023.03.31 07:00,6074.39,6082.11,6070.33,6072.4,0,295
,,,,,,
2023.03.31 06:55,6081.16,6092.85,6074.21,6074.57,0,297
,,,,,,
2023.03.31 06:50,6085.7,6093.44,6069.48,6081.35,0,300
,,,,,,
2023.03.31 06:45,6100.79,6109.52,6084.46,6085.33,0,299
,,,,,,
2023.03.31 06:40,6079.98,6101.75,6075.02,6101.75,0,298
,,,,,,
2023.03.31 06:35,6072.53,6089.18,6069.24,6079.65,0,299
,,,,,,
2023.03.31 06:30,6060.77,6073.23,6058.45,6071.31,0,300
,,,,,,
2023.03.31 06:25,6039.5,6060.75,6038.62,6060.75,0,294
,,,,,,
2023.03.31 06:20,6019.98,6047.54,6019.98,6038.49,0,299
,,,,,,
2023.03.31 06:15,6020.43,6041.41,6019.85,6020.31,0,297
,,,,,,
2023.03.31 06:10,6013.5,6020.8,6008.01,6020.16,0,298
,,,,,,
2023.03.31 06:05,6014.01,6019.58,6008.02,6013.43,0,296
,,,,,,
2023.03.31 06:00,5982.83,6017.8,5981.55,6013.98,0,297
,,,,,,
2023.03.31 05:55,5983.32,5990.39,5977.29,5983.6,0,300
,,,,,,
2023.03.31 05:50,5998.51,6003.3,5983.92,5984.4,0,300
,,,,,,
2023.03.31 05:45,6034.48,6038.09,5996.61,5997.74,0,300
,,,,,,
2023.03.31 05:40,6050.27,6055.52,6035.57,6035.8,0,299
,,,,,,
2023.03.31 05:35,6062.95,6071.42,6047.79,6049.97,0,299
,,,,,,
2023.03.31 05:30,6069.81,6088.61,6063.06,6063.06,0,300
,,,,,,
2023.03.31 05:25,6063.57,6071.17,6051.39,6071.17,0,300
,,,,,,
2023.03.31 05:20,6071.33,6075.38,6061.53,6063.43,0,299
,,,,,,
2023.03.31 05:15,6049.31,6075.91,6048.8,6070.9,0,300
,,,,,,
2023.03.31 05:10,6062.68,6064.75,6047,6048.23,0,299
,,,,,,
2023.03.31 05:05,6063.47,6071.13,6054.1,6062.34,0,299
,,,,,,
2023.03.31 05:00,6041.95,6069,6041.31,6063.41,0,300
,,,,,,
2023.03.31 04:55,6053.2,6056.21,6038.84,6040.99,0,299
,,,,,,
2023.03.31 04:50,6068.73,6068.97,6052.8,6052.8,0,299
,,,,,,
2023.03.31 04:45,6047.96,6071.29,6042.95,6068.01,0,298
,,,,,,
2023.03.31 04:40,6041.68,6055.25,6033.47,6047.59,0,297
,,,,,,
2023.03.31 04:35,6020.43,6043.99,6016.89,6041.79,0,299
,,,,,,
2023.03.31 04:30,6003.49,6020.26,6002.87,6020.16,0,298
,,,,,,
2023.03.31 04:25,5998.04,6010.36,5995.96,6004.63,0,300
,,,,,,
2023.03.31 04:20,5996.5,6003.02,5986.34,5997.17,0,299
,,,,,,
2023.03.31 04:15,5992.9,6005.95,5986.29,5995.92,0,298
,,,,,,
2023.03.31 04:10,5995.28,6000.55,5986.39,5991.35,0,299
,,,,,,
2023.03.31 04:05,5989.6,6001.33,5983.24,5996.32,0,298
,,,,,,
2023.03.31 04:00,5993.76,6000.93,5982.28,5989.59,0,298
,,,,,,
2023.03.31 03:55,5979.54,5995.46,5973.36,5994.03,0,299
,,,,,,
2023.03.31 03:50,5983.14,5987.93,5975.59,5979.54,0,300
,,,,,,
2023.03.31 03:45,5956.57,5988.93,5956.57,5983.03,0,300
,,,,,,
2023.03.31 03:40,5961.62,5968.37,5948.6,5958.22,0,297
,,,,,,
2023.03.31 03:35,5921.94,5963.01,5921.94,5961.69,0,299
,,,,,,
2023.03.31 03:30,5930.07,5930.11,5909.37,5921.96,0,298
,,,,,,
2023.03.31 03:25,5919.25,5933.46,5918.27,5930.22,0,298
,,,,,,
2023.03.31 03:20,5915.63,5922.41,5906.83,5919.14,0,298
,,,,,,
2023.03.31 03:15,5905.71,5925.18,5903.62,5915.4,0,300
,,,,,,
2023.03.31 03:10,5897.61,5910.8,5896.52,5906.09,0,298
,,,,,,
2023.03.31 03:05,5897.2,5903.81,5888.67,5897.24,0,298
,,,,,,
2023.03.31 03:00,5910.85,5914.74,5895.93,5897.39,0,299
,,,,,,
2023.03.31 02:55,5903.94,5911.67,5895.35,5910.39,0,300
,,,,,,
2023.03.31 02:50,5867.27,5907.29,5867.27,5902.93,0,298
,,,,,,
2023.03.31 02:45,5862.5,5870.12,5853.17,5866.09,0,299
,,,,,,
2023.03.31 02:40,5837.99,5865.06,5837.99,5862.31,0,298
,,,,,,
2023.03.31 02:35,5824.44,5842.24,5822.51,5837.42,0,297
,,,,,,
2023.03.31 02:30,5853.1,5853.17,5822.37,5824.4,0,296
,,,,,,
2023.03.31 02:25,5852.03,5862.93,5844.6,5853.24,0,298
,,,,,,
2023.03.31 02:20,5844.56,5852.56,5838.52,5852.56,0,300
,,,,,,
2023.03.31 02:15,5842.68,5851.07,5836.52,5846.05,0,299
,,,,,,
2023.03.31 02:10,5848.35,5855.14,5837.03,5841.15,0,299
,,,,,,
2023.03.31 02:05,5869.1,5869.72,5845.34,5847.21,0,298
,,,,,,
2023.03.31 02:00,5877.81,5879.23,5857.8,5869.8,0,299
,,,,,,
2023.03.31 01:55,5883.15,5898.69,5876.38,5877.65,0,299
,,,,,,
2023.03.31 01:50,5884.51,5895.71,5877.89,5882.82,0,299
,,,,,,
2023.03.31 01:45,5895.08,5899.05,5881.93,5885.16,0,296
,,,,,,
2023.03.31 01:40,5898,5906.24,5888.07,5895.46,0,298
,,,,,,
2023.03.31 01:35,5885.3,5904.39,5883.85,5898.53,0,296
,,,,,,
2023.03.31 01:30,5876.3,5886.47,5863.22,5886.47,0,300
,,,,,,
2023.03.31 01:25,5871.05,5876.93,5861.83,5876.93,0,299
,,,,,,
2023.03.31 01:20,5852.67,5874.09,5851.25,5871.31,0,297
,,,,,,
2023.03.31 01:15,5859.32,5866.57,5849.51,5852.46,0,300
,,,,,,
2023.03.31 01:10,5843.9,5866.31,5843.9,5859.63,0,297
,,,,,,
2023.03.31 01:05,5830.41,5845.93,5825.9,5843.71,0,296
,,,,,,
2023.03.31 01:00,5822.58,5837.91,5820.41,5831.66,0,298
,,,,,,
2023.03.31 00:55,5818.18,5828.39,5818.18,5822.79,0,299
,,,,,,
2023.03.31 00:50,5837.62,5837.76,5817.61,5817.61,0,298
,,,,,,
2023.03.31 00:45,5819.58,5837.51,5811.65,5837.51,0,300
,,,,,,
2023.03.31 00:40,5803.61,5825.32,5802.11,5819.93,0,299
,,,,,,
2023.03.31 00:35,5795.22,5810.74,5790.02,5803.87,0,297
,,,,,,
2023.03.31 00:30,5804.76,5808.61,5780.59,5793.57,0,299
,,,,,,
2023.03.31 00:25,5800.65,5809.2,5792.77,5804.73,0,298
,,,,,,
2023.03.31 00:20,5802.8,5806.83,5792.41,5801.39,0,299
,,,,,,
2023.03.31 00:15,5800.57,5810.77,5796.74,5802.7,0,297
,,,,,,
2023.03.31 00:10,5816.11,5818.48,5796.5,5800.39,0,300
,,,,,,
2023.03.31 00:05,5821.33,5824.02,5811.69,5815.87,0,297
,,,,,,
2023.03.31 00:00,5818.32,5825.58,5808.79,5821.61,0,298
,,,,,,
2023.03.30 23:55,5807.12,5820.52,5803.35,5817.84,0,298
,,,,,,
2023.03.30 23:50,5792.47,5808.31,5790.76,5806.31,0,295
,,,,,,
2023.03.30 23:45,5807.79,5809.78,5791.53,5793.32,0,300
,,,,,,
2023.03.30 23:40,5821.34,5826.61,5807.92,5807.92,0,300
,,,,,,
2023.03.30 23:35,5819.95,5830,5817.09,5820.95,0,299
,,,,,,
2023.03.30 23:30,5821.65,5831.58,5814.29,5818.99,0,300
,,,,,,
2023.03.30 23:25,5844.03,5846.86,5822.61,5822.7,0,300
,,,,,,
2023.03.30 23:20,5858.05,5860.35,5837.18,5845.34,0,299
,,,,,,
2023.03.30 23:15,5838.58,5859.41,5838.08,5857.27,0,300
,,,,,,
2023.03.30 23:10,5858.84,5867.23,5835.85,5837.25,0,299
,,,,,,
2023.03.30 23:05,5847.08,5859.37,5844.6,5859.37,0,298
,,,,,,
2023.03.30 23:00,5844.8,5858.08,5839.04,5848.19,0,292
,,,,,,
2023.03.30 22:55,5837.28,5847.91,5833.89,5844.85,0,300
,,,,,,
2023.03.30 22:50,5816.05,5840.29,5810.87,5837.14,0,297
,,,,,,
2023.03.30 22:45,5813.65,5828.7,5810.18,5816.54,0,296
,,,,,,
2023.03.30 22:40,5809.34,5825.31,5809.34,5813.64,0,298
,,,,,,
2023.03.30 22:35,5806.71,5823.87,5801.18,5809.79,0,296
,,,,,,
2023.03.30 22:30,5802.54,5816.59,5800.11,5808.09,0,299
,,,,,,
2023.03.30 22:25,5798.19,5809.9,5798.19,5802.29,0,298
,,,,,,
2023.03.30 22:20,5813.39,5815.49,5784.87,5798.53,0,297
,,,,,,
2023.03.30 22:15,5835.62,5839.18,5813.91,5813.91,0,299
,,,,,,
2023.03.30 22:10,5852.49,5853.76,5836.33,5836.33,0,296
,,,,,,
2023.03.30 22:05,5880.18,5882.5,5851.29,5851.42,0,299
,,,,,,
2023.03.30 22:00,5891.59,5891.59,5871.07,5880.82,0,299
,,,,,,
2023.03.30 21:55,5876.25,5897.69,5863.69,5892.68,0,298
,,,,,,
2023.03.30 21:50,5869.16,5883.98,5867.41,5876,0,297
,,,,,,
2023.03.30 21:45,5892.12,5893.36,5867.73,5868.28,0,298
,,,,,,
2023.03.30 21:40,5879.38,5894.88,5874.46,5890.92,0,299
,,,,,,
2023.03.30 21:35,5868.87,5879.1,5851.8,5878.69,0,299
,,,,,,
2023.03.30 21:30,5860.37,5882.01,5858.54,5866.59,0,300
,,,,,,
2023.03.30 21:25,5848.92,5861.84,5841.06,5860.33,0,297
,,,,,,
2023.03.30 21:20,5852.73,5856.28,5838.79,5849.76,0,297
,,,,,,
2023.03.30 21:15,5851.97,5864.92,5851.7,5852.25,0,297
,,,,,,
2023.03.30 21:10,5855.29,5857.13,5845.72,5851.85,0,299
,,,,,,
2023.03.30 21:05,5852.99,5861.26,5845.08,5855.9,0,299
,,,,,,
2023.03.30 21:00,5862.31,5862.31,5837.65,5853.72,0,298
,,,,,,
2023.03.30 20:55,5855.38,5864.41,5849.47,5862.46,0,299
,,,,,,
2023.03.30 20:50,5864.16,5870.44,5854.97,5854.97,0,300
,,,,,,
2023.03.30 20:45,5870.8,5871.24,5850.03,5863.85,0,298
,,,,,,
2023.03.30 20:40,5884.28,5890.13,5871.02,5871.02,0,297
,,,,,,
2023.03.30 20:35,5886.16,5890.55,5873.96,5884.6,0,299
,,,,,,
2023.03.30 20:30,5869.01,5892.99,5867.87,5885.95,0,299
,,,,,,
2023.03.30 20:25,5863.95,5872.52,5859.1,5867.83,0,298
,,,,,,
2023.03.30 20:20,5844.68,5878.52,5841.51,5864.99,0,297
,,,,,,
2023.03.30 20:15,5860.03,5861.12,5840.69,5845.03,0,298
,,,,,,
2023.03.30 20:10,5862.37,5873.89,5854.66,5860.62,0,297
,,,,,,
2023.03.30 20:05,5835.35,5862.89,5831.22,5860.13,0,297
,,,,,,
2023.03.30 20:00,5847.31,5847.9,5832.53,5834.98,0,299
,,,,,,
2023.03.30 19:55,5837.03,5863.7,5835.12,5847.19,0,299
,,,,,,
2023.03.30 19:50,5862.14,5862.14,5836.9,5837.03,0,299
,,,,,,
2023.03.30 19:45,5863.03,5872.37,5855.37,5860.84,0,300
,,,,,,
2023.03.30 19:40,5854.92,5864.02,5828.39,5864.02,0,298
,,,,,,
2023.03.30 19:35,5841.95,5858.54,5840.71,5855.56,0,298
,,,,,,
2023.03.30 19:30,5832.33,5849.1,5829.95,5841.41,0,299
,,,,,,
2023.03.30 19:25,5821.69,5833.08,5804.89,5832.34,0,299
,,,,,,
2023.03.30 19:20,5812.75,5828.74,5811.2,5822.05,0,300
,,,,,,
2023.03.30 19:15,5823.82,5840.98,5813.31,5813.31,0,299
,,,,,,
2023.03.30 19:10,5827.96,5845.4,5823.95,5823.95,0,298
,,,,,,
2023.03.30 19:05,5838.15,5838.15,5819.09,5827.81,0,298
,,,,,,
2023.03.30 19:00,5836.25,5839.82,5823.78,5839.01,0,296
,,,,,,
2023.03.30 18:55,5844.99,5849.12,5833.32,5837.33,0,299
,,,,,,
2023.03.30 18:50,5835.78,5846.78,5828.99,5845.89,0,298
,,,,,,
2023.03.30 18:45,5836.74,5851.09,5833.02,5836,0,299
,,,,,,
2023.03.30 18:40,5803.13,5842.81,5798.11,5837.57,0,296
,,,,,,
2023.03.30 18:35,5779.16,5804.06,5775.14,5803.65,0,298
,,,,,,
2023.03.30 18:30,5765.3,5780.69,5757.53,5780.69,0,296
,,,,,,
2023.03.30 18:25,5760.74,5769.3,5757.27,5765.48,0,299
,,,,,,
2023.03.30 18:20,5761.95,5768.89,5755.17,5760.49,0,299
,,,,,,
2023.03.30 18:15,5774.89,5782,5760.98,5760.98,0,299
,,,,,,
2023.03.30 18:10,5792.05,5800.61,5769.92,5773.97,0,297
,,,,,,
2023.03.30 18:05,5800.41,5803.57,5791.71,5794.29,0,298
,,,,,,
2023.03.30 18:00,5793.1,5800.53,5786.68,5800.47,0,299
,,,,,,
2023.03.30 17:55,5774.39,5795.64,5770.08,5792.4,0,300
,,,,,,
2023.03.30 17:50,5769.16,5782.93,5766.49,5774.87,0,299
,,,,,,
2023.03.30 17:45,5771.88,5781.06,5765.43,5769.1,0,298
,,,,,,
2023.03.30 17:40,5778.09,5781.83,5763.41,5770.93,0,299
,,,,,,
2023.03.30 17:35,5781.01,5782.01,5765.31,5777.97,0,298
,,,,,,
2023.03.30 17:30,5804.36,5804.48,5779.36,5781.28,0,298
,,,,,,
2023.03.30 17:25,5813.17,5816.66,5791.43,5806.04,0,299
,,,,,,
2023.03.30 17:20,5833.66,5834.13,5811.37,5812.07,0,300
,,,,,,
2023.03.30 17:15,5796.71,5836.9,5796.71,5833.02,0,299
,,,,,,
2023.03.30 17:10,5778.86,5799.77,5778.25,5797.25,0,294
,,,,,,
2023.03.30 17:05,5763.56,5785,5756.26,5779.81,0,297
,,,,,,
2023.03.30 17:00,5758.63,5767.18,5749.5,5764.06,0,299
,,,,,,
2023.03.30 16:55,5763.37,5776.35,5755.85,5758.67,0,300
,,,,,,
2023.03.30 16:50,5748.83,5772.52,5748.48,5762.45,0,296
,,,,,,
2023.03.30 16:45,5734.1,5749.63,5730.54,5748.78,0,296
,,,,,,
2023.03.30 16:40,5739.43,5741.55,5725.56,5733.54,0,300
,,,,,,
2023.03.30 16:35,5722.07,5744.16,5718.3,5739.03,0,300
,,,,,,
2023.03.30 16:30,5733.97,5741.67,5720.26,5722.43,0,298
,,,,,,
2023.03.30 16:25,5730.73,5737.89,5718.64,5732.17,0,296
,,,,,,
2023.03.30 16:20,5752.76,5754.37,5724.5,5731.42,0,298
,,,,,,
2023.03.30 16:15,5733.04,5752.61,5730.01,5751.81,0,298
,,,,,,
2023.03.30 16:10,5732.93,5736.89,5719.42,5732.94,0,298
,,,,,,
2023.03.30 16:05,5723.44,5739.18,5716.4,5732.93,0,299
,,,,,,
2023.03.30 16:00,5708.84,5734.67,5704.48,5724,0,298
,,,,,,
2023.03.30 15:55,5728.11,5728.11,5703.09,5708.56,0,298
,,,,,,
2023.03.30 15:50,5755.27,5756.4,5727.5,5728.66,0,297
,,,,,,
2023.03.30 15:45,5761.49,5765.35,5748.23,5754.84,0,298
,,,,,,
2023.03.30 15:40,5773.45,5775.3,5750.71,5761.12,0,297
,,,,,,
2023.03.30 15:35,5771.07,5781.8,5769.86,5774.76,0,299
,,,,,,
2023.03.30 15:30,5770.2,5777.24,5760.36,5770.63,0,300
,,,,,,
2023.03.30 15:25,5751.02,5773.57,5746.36,5772.72,0,298
,,,,,,
2023.03.30 15:20,5752.94,5753.65,5742.9,5750.85,0,299
,,,,,,
2023.03.30 15:15,5754.35,5755.85,5736.46,5753.5,0,298
,,,,,,
2023.03.30 15:10,5750.72,5758.47,5745.82,5754.33,0,298
,,,,,,
2023.03.30 15:05,5756.18,5756.88,5741.55,5751.64,0,300
,,,,,,
2023.03.30 15:00,5730.4,5764.4,5730.4,5755.82,0,297
,,,,,,
2023.03.30 14:55,5710.39,5733.2,5710.23,5729.99,0,300
,,,,,,
2023.03.30 14:50,5699.77,5713.06,5697.67,5710.77,0,298
,,,,,,
2023.03.30 14:45,5691.53,5701.65,5684.17,5701.19,0,300
,,,,,,
2023.03.30 14:40,5688.8,5694.87,5679.36,5691.56,0,298
,,,,,,
2023.03.30 14:35,5692.05,5698.28,5683.2,5688.32,0,297
,,,,,,
2023.03.30 14:30,5716.02,5722.58,5687.74,5690.91,0,299
,,,,,,
2023.03.30 14:25,5729.2,5736.53,5717.58,5717.58,0,297
,,,,,,
2023.03.30 14:20,5717.54,5734.68,5712.44,5728.3,0,297
,,,,,,
2023.03.30 14:15,5707.12,5719.16,5702.63,5717.51,0,295
,,,,,,
2023.03.30 14:10,5701.58,5710.26,5699.94,5707.38,0,298
,,,,,,
2023.03.30 14:05,5697.96,5704.64,5688.15,5702.64,0,299
,,,,,,
2023.03.30 14:00,5702.74,5711.15,5690.45,5696.5,0,299
,,,,,,
2023.03.30 13:55,5691.16,5706.27,5682.66,5702.84,0,297
,,,,,,
2023.03.30 13:50,5685.21,5697.45,5681.56,5692.73,0,298
,,,,,,
2023.03.30 13:45,5696.93,5698.2,5683.48,5685.45,0,298
,,,,,,
2023.03.30 13:40,5686.27,5698.17,5683.2,5696.38,0,298
,,,,,,
2023.03.30 13:35,5673.61,5689.11,5671.57,5686.69,0,295
,,,,,,
2023.03.30 13:30,5653.9,5674.43,5645.36,5671.95,0,298
,,,,,,
2023.03.30 13:25,5645.92,5656.33,5636.36,5653.83,0,299
,,,,,,
2023.03.30 13:20,5651.8,5658.55,5642.83,5646.23,0,297
,,,,,,
2023.03.30 13:15,5658.07,5661.93,5648.77,5651.23,0,300
,,,,,,
2023.03.30 13:10,5654.55,5664.17,5651.43,5657.96,0,299
,,,,,,
2023.03.30 13:05,5654.47,5661.46,5651.23,5654.08,0,299
,,,,,,
2023.03.30 13:00,5671.21,5678.91,5651.16,5654.68,0,295
,,,,,,
2023.03.30 12:55,5663.51,5673.41,5659.04,5669.56,0,300
,,,,,,
2023.03.30 12:50,5678.3,5680.1,5660.67,5664.63,0,299
,,,,,,
2023.03.30 12:45,5665.02,5678.93,5651.26,5678.44,0,299
,,,,,,
2023.03.30 12:40,5666.41,5669.63,5654.45,5664.11,0,299
,,,,,,
2023.03.30 12:35,5628.8,5668.16,5628.8,5665.87,0,300
,,,,,,
2023.03.30 12:30,5631.55,5641.34,5626.13,5629.11,0,300
,,,,,,
2023.03.30 12:25,5609.63,5636.88,5609.63,5632.13,0,299
,,,,,,
2023.03.30 12:20,5649.84,5649.87,5606.99,5609.51,0,300
,,,,,,
2023.03.30 12:15,5646.17,5658.9,5638.24,5648.58,0,298
,,,,,,
2023.03.30 12:10,5645.26,5651.29,5637.53,5647.46,0,298
,,,,,,
2023.03.30 12:05,5637.93,5652.28,5630.92,5645.97,0,299
,,,,,,
2023.03.30 12:00,5654.48,5661.48,5638.29,5639.13,0,300
,,,,,,
2023.03.30 11:55,5638.14,5654.46,5635.46,5653.83,0,298
,,,,,,
2023.03.30 11:50,5641.61,5651.29,5630.22,5638.8,0,299
,,,,,,
2023.03.30 11:45,5647.56,5651.92,5636.16,5640.86,0,299
,,,,,,
2023.03.30 11:40,5676.23,5679.7,5644.27,5648.01,0,298
,,,,,,
2023.03.30 11:35,5654.26,5686.32,5653.26,5676.22,0,298
,,,,,,
2023.03.30 11:30,5658.02,5677.92,5653.72,5653.72,0,299
,,,,,,
2023.03.30 11:25,5643.23,5661.25,5640.37,5657.69,0,300
,,,,,,
2023.03.30 11:20,5664.88,5675.91,5642.15,5642.49,0,299
,,,,,,
2023.03.30 11:15,5640.42,5668.6,5639.76,5663.67,0,298
,,,,,,
2023.03.30 11:10,5672.85,5678.02,5638.29,5640.62,0,299
,,,,,,
2023.03.30 11:05,5679.45,5693.43,5669.59,5672.96,0,299
,,,,,,
2023.03.30 11:00,5674.05,5685.83,5667.61,5677.99,0,294
,,,,,,
2023.03.30 10:55,5650.5,5685.14,5647.76,5674.71,0,299
,,,,,,
2023.03.30 10:50,5643.39,5652.66,5638.83,5651.07,0,300
,,,,,,
2023.03.30 10:45,5632.82,5649.86,5632.47,5643.58,0,298
,,,,,,
2023.03.30 10:40,5621.17,5644.01,5618.64,5633.24,0,298
,,,,,,
2023.03.30 10:35,5630.83,5632.91,5616.49,5619.8,0,297
,,,,,,
2023.03.30 10:30,5652,5654.02,5630.79,5631.23,0,297
,,,,,,
2023.03.30 10:25,5656.26,5661.53,5647.93,5652.67,0,298
,,,,,,
2023.03.30 10:20,5652.27,5656.68,5643.28,5655.48,0,298
,,,,,,
2023.03.30 10:15,5647.04,5659.02,5644.52,5651.14,0,299
,,,,,,
2023.03.30 10:10,5654.34,5656.37,5641.86,5647.16,0,298
,,,,,,
2023.03.30 10:05,5651.87,5662.57,5651.87,5654.2,0,299
,,,,,,
2023.03.30 10:00,5647.94,5664.3,5643.78,5652.57,0,299
,,,,,,
2023.03.30 09:55,5645.66,5647.77,5635.43,5647.15,0,297
,,,,,,
2023.03.30 09:50,5628.01,5647.28,5623.31,5645.72,0,300
,,,,,,
2023.03.30 09:45,5645.48,5647.33,5628.17,5628.26,0,298
,,,,,,
2023.03.30 09:40,5624.34,5648.95,5622.34,5645.33,0,297
,,,,,,
2023.03.30 09:35,5621.79,5641.06,5616.9,5624.51,0,298
,,,,,,
2023.03.30 09:30,5632.95,5643.09,5619.59,5622.25,0,298
,,,,,,
2023.03.30 09:25,5629.44,5639.35,5628.93,5633.26,0,299
,,,,,,
2023.03.30 09:20,5598.07,5629.57,5594.24,5629.48,0,298
,,,,,,
2023.03.30 09:15,5616.26,5619.63,5589.33,5597.17,0,300
,,,,,,
2023.03.30 09:10,5610.98,5623.65,5603.64,5616.52,0,300
,,,,,,
2023.03.30 09:05,5608.16,5620.36,5605.22,5610.89,0,298
,,,,,,
2023.03.30 09:00,5627.42,5633.07,5609.22,5609.22,0,298
,,,,,,
2023.03.30 08:55,5637.65,5639.35,5606.44,5627.66,0,300
,,,,,,
2023.03.30 08:50,5650.97,5654.8,5636.75,5637.07,0,299
,,,,,,
2023.03.30 08:45,5640.08,5653.3,5637.91,5650.88,0,300
,,,,,,
2023.03.30 08:40,5637.09,5653.77,5636.8,5640.46,0,299
,,,,,,
2023.03.30 08:35,5672.56,5672.75,5635.9,5638.25,0,297
,,,,,,
2023.03.30 08:30,5665.16,5679.89,5663.4,5673.08,0,299
,,,,,,
2023.03.30 08:25,5663.08,5668.44,5648.77,5665.64,0,299
,,,,,,
2023.03.30 08:20,5635.06,5664.02,5630.72,5663.08,0,298
,,,,,,
2023.03.30 08:15,5623.13,5644.02,5621.43,5635.54,0,298
,,,,,,
2023.03.30 08:10,5630.57,5639.81,5621.28,5622.56,0,300
,,,,,,
2023.03.30 08:05,5638.1,5638.81,5625.15,5630.5,0,296
,,,,,,
2023.03.30 08:00,5636.35,5646.13,5628.68,5639.26,0,299
,,,,,,
2023.03.30 07:55,5640.91,5646.14,5631.18,5636.33,0,299
,,,,,,
2023.03.30 07:50,5642.12,5650.59,5639.18,5640.99,0,299
,,,,,,
2023.03.30 07:45,5629.44,5653.91,5628.99,5641.57,0,300
,,,,,,
2023.03.30 07:40,5629.25,5629.93,5606.89,5629.14,0,299
,,,,,,
2023.03.30 07:35,5645.8,5647.24,5627.28,5628.66,0,298
,,,,,,
2023.03.30 07:30,5664.73,5664.73,5640.65,5645.37,0,299
,,,,,,
2023.03.30 07:25,5669.06,5675.36,5655.22,5664.64,0,295
,,,,,,
2023.03.30 07:20,5675.4,5695.8,5667.58,5667.58,0,299
,,,,,,
2023.03.30 07:15,5667.53,5677.54,5662.48,5675.25,0,300
,,,,,,
2023.03.30 07:10,5673.23,5678.52,5667.18,5668.25,0,300
,,,,,,
2023.03.30 07:05,5666.38,5674.29,5659.44,5673.75,0,293
,,,,,,
2023.03.30 07:00,5672,5679.25,5661.61,5665.36,0,299
,,,,,,
2023.03.30 06:55,5651.55,5674.85,5650.73,5672.04,0,299
,,,,,,
2023.03.30 06:50,5649.22,5657.06,5633.31,5652.41,0,298
,,,,,,
2023.03.30 06:45,5652.29,5669.15,5645.75,5648.44,0,298
,,,,,,
2023.03.30 06:40,5641.63,5655.12,5635.62,5653,0,299
,,,,,,
2023.03.30 06:35,5650.75,5657.14,5641.64,5642.51,0,298
,,,,,,
2023.03.30 06:30,5672.17,5673.46,5650.69,5650.69,0,299
,,,,,,
2023.03.30 06:25,5684.72,5687.34,5670.46,5671.59,0,300
,,,,,,
2023.03.30 06:20,5678.64,5686.18,5676.48,5684.59,0,300
,,,,,,
2023.03.30 06:15,5666.82,5688.4,5663.9,5677.46,0,298
,,,,,,
2023.03.30 06:10,5663.33,5672.7,5650.44,5667.49,0,299
,,,,,,
2023.03.30 06:05,5675.07,5675.07,5658.62,5662.57,0,299
,,,,,,
2023.03.30 06:00,5662.39,5681.12,5659.97,5675.13,0,296
,,,,,,
2023.03.30 05:55,5671.45,5679.82,5660.2,5661.09,0,297
,,,,,,
2023.03.30 05:50,5680.02,5684.43,5668.76,5672.05,0,298
,,,,,,
2023.03.30 05:45,5700.88,5703.46,5679.22,5681.38,0,296
,,,,,,
2023.03.30 05:40,5704.54,5709.04,5697.21,5701.35,0,297
,,,,,,
2023.03.30 05:35,5695.85,5706.56,5694.2,5704.54,0,300
,,,,,,
2023.03.30 05:30,5675.66,5700.85,5675.66,5696.23,0,300
,,,,,,
2023.03.30 05:25,5666.39,5689.21,5663.21,5675.28,0,299
,,,,,,
2023.03.30 05:20,5654.32,5672.51,5654.18,5665.95,0,299
,,,,,,
2023.03.30 05:15,5645.65,5662.36,5640.21,5653.97,0,297
,,,,,,
2023.03.30 05:10,5641.29,5654.1,5635.76,5645.57,0,300
,,,,,,
2023.03.30 05:05,5624.09,5643.11,5623.49,5641.09,0,299
,,,,,,
2023.03.30 05:00,5609.74,5631.41,5604.39,5623.75,0,300
,,,,,,
2023.03.30 04:55,5605.36,5619.4,5605.33,5608.62,0,297
,,,,,,
2023.03.30 04:50,5612.25,5620.74,5605.33,5605.89,0,298
,,,,,,
2023.03.30 04:45,5618.11,5622.62,5607.2,5610.9,0,298
,,,,,,
2023.03.30 04:40,5601.62,5619.59,5599.21,5617.76,0,299
,,,,,,
2023.03.30 04:35,5596.66,5607.3,5596.66,5601.85,0,296
,,,,,,
2023.03.30 04:30,5601.81,5612.39,5592.15,5596.82,0,300
,,,,,,
2023.03.30 04:25,5608.91,5609.76,5594.67,5601.11,0,299
,,,,,,
2023.03.30 04:20,5646.45,5646.45,5608.95,5609.02,0,298
,,,,,,
2023.03.30 04:15,5641.27,5659.52,5638.33,5646.52,0,299
,,,,,,
2023.03.30 04:10,5651.33,5651.33,5639.63,5640.4,0,300
,,,,,,
2023.03.30 04:05,5675.16,5676.39,5647.53,5651.52,0,298
,,,,,,
2023.03.30 04:00,5672,5688.11,5672,5674.71,0,300
,,,,,,
2023.03.30 03:55,5645.01,5672.29,5644.09,5672.29,0,298
,,,,,,
2023.03.30 03:50,5642.47,5648.94,5631.34,5646,0,297
,,,,,,
2023.03.30 03:45,5639.29,5647.89,5634.64,5643.05,0,296
,,,,,,
2023.03.30 03:40,5657.59,5658.59,5636.9,5639.15,0,298
,,,,,,
2023.03.30 03:35,5643.37,5660.08,5633.8,5658.99,0,297
,,,,,,
2023.03.30 03:30,5615.67,5643.85,5615,5643.1,0,298
,,,,,,
2023.03.30 03:25,5589.36,5616.35,5588.13,5615.45,0,298
,,,,,,
2023.03.30 03:20,5598.83,5605.66,5589.31,5589.31,0,299
,,,,,,
2023.03.30 03:15,5615.58,5617.74,5593.81,5598.61,0,298
,,,,,,
2023.03.30 03:10,5615.96,5636.85,5614.36,5615.26,0,299
,,,,,,
2023.03.30 03:05,5609.1,5616.84,5599.89,5616.57,0,297
,,,,,,
2023.03.30 03:00,5624.44,5627.7,5606.8,5608.34,0,297
,,,,,,
2023.03.30 02:55,5627.49,5629.31,5608.48,5623.03,0,297
,,,,,,
2023.03.30 02:50,5630.23,5636.1,5622.1,5626.67,0,299
,,,,,,
2023.03.30 02:45,5628.21,5633.58,5613.11,5629.64,0,298
,,,,,,
2023.03.30 02:40,5648.37,5652.42,5628.82,5628.82,0,298
,,,,,,
2023.03.30 02:35,5666.1,5670.35,5645.35,5648.47,0,297
,,,,,,
2023.03.30 02:30,5665.43,5675.36,5662.9,5666.69,0,295
,,,,,,
2023.03.30 02:25,5637.27,5669.65,5636.7,5666.1,0,299
,,,,,,
2023.03.30 02:20,5647.8,5654.68,5632.63,5636.39,0,297
,,,,,,
2023.03.30 02:15,5653.06,5662.83,5648.76,5648.76,0,298
,,,,,,
2023.03.30 02:10,5643.66,5653.89,5641.4,5653.04,0,297
,,,,,,
2023.03.30 02:05,5637.83,5646.92,5628.87,5643.85,0,296
,,,,,,
2023.03.30 02:00,5649.93,5651.23,5627.84,5639.27,0,298
,,,,,,
2023.03.30 01:55,5646.28,5657.48,5643.17,5649.93,0,300
,,,,,,
2023.03.30 01:50,5646.69,5652.32,5640.18,5645.39,0,297
,,,,,,
2023.03.30 01:45,5658.74,5658.74,5642.86,5645.49,0,297
,,,,,,
2023.03.30 01:40,5678.34,5678.34,5658.31,5658.31,0,299
,,,,,,
2023.03.30 01:35,5686.59,5696.76,5676.77,5676.77,0,299
,,,,,,
2023.03.30 01:30,5690.44,5692.51,5682.59,5687.73,0,298
,,,,,,
2023.03.30 01:25,5688.64,5694.58,5683.85,5690.51,0,300
,,,,,,
2023.03.30 01:20,5667.42,5692.48,5666.09,5688.98,0,298
,,,,,,
2023.03.30 01:15,5699.25,5701.4,5663.16,5667.9,0,298
,,,,,,
2023.03.30 01:10,5690.3,5701.05,5684.45,5701.05,0,299
,,,,,,
2023.03.30 01:05,5683.77,5696.07,5681.95,5689.09,0,298
,,,,,,
2023.03.30 01:00,5667.92,5685.24,5661.92,5683.89,0,299
,,,,,,
2023.03.30 00:55,5683.21,5683.21,5667.23,5667.9,0,300
,,,,,,
2023.03.30 00:50,5689.55,5698.96,5682.33,5683.04,0,299
,,,,,,
2023.03.30 00:45,5700.26,5701.79,5681.46,5690.31,0,299
,,,,,,
2023.03.30 00:40,5712.52,5717.74,5698.39,5700.8,0,298
,,,,,,
2023.03.30 00:35,5714.87,5724.37,5705.68,5712.48,0,299
,,,,,,
2023.03.30 00:30,5699.8,5722.54,5697.3,5715.76,0,299
,,,,,,
2023.03.30 00:25,5704.5,5708.71,5697.52,5699.33,0,300
,,,,,,
2023.03.30 00:20,5699.04,5705.79,5692.34,5703.23,0,298
,,,,,,
2023.03.30 00:15,5684.97,5701.23,5682.09,5699.14,0,296
,,,,,,
2023.03.30 00:10,5678.32,5697,5675.19,5685.1,0,300
,,,,,,
2023.03.30 00:05,5682.45,5692.01,5670.04,5677.45,0,297
,,,,,,
2023.03.30 00:00,5684.92,5688.21,5667.35,5681.8,0,296
,,,,,,
2023.03.29 23:55,5684.82,5703.97,5683.39,5685.16,0,299
,,,,,,
2023.03.29 23:50,5691.91,5691.91,5670.99,5684.18,0,299
,,,,,,
2023.03.29 23:45,5691.59,5700.91,5684.49,5692,0,297
,,,,,,
2023.03.29 23:40,5686.38,5698.33,5682.25,5692.6,0,295
,,,,,,
2023.03.29 23:35,5672.65,5693.36,5672.3,5686.75,0,298
,,,,,,
2023.03.29 23:30,5647.94,5676.93,5642.63,5672.92,0,299
,,,,,,
2023.03.29 23:25,5636.87,5654.6,5636.87,5647.15,0,300
,,,,,,
2023.03.29 23:20,5642.49,5649.74,5632.35,5637.73,0,300
,,,,,,
2023.03.29 23:15,5644.02,5649.47,5637.79,5642.5,0,300
,,,,,,
2023.03.29 23:10,5624.57,5650.17,5622.95,5643.17,0,299
,,,,,,
2023.03.29 23:05,5611.59,5626.34,5609.87,5625.54,0,299
,,,,,,
2023.03.29 23:00,5611.65,5614.71,5602.31,5612.48,0,298
,,,,,,
2023.03.29 22:55,5603.75,5623.22,5597.12,5611.57,0,300
,,,,,,
2023.03.29 22:50,5609.95,5613.5,5599.16,5603.86,0,299
,,,,,,
2023.03.29 22:45,5596.25,5616.63,5592.22,5611.13,0,300
,,,,,,
2023.03.29 22:40,5581.91,5600.72,5580.71,5596.12,0,300
,,,,,,
2023.03.29 22:35,5588.04,5593.06,5571.59,5580.71,0,299
,,,,,,
2023.03.29 22:30,5581.95,5591.94,5577.65,5588.29,0,299
,,,,,,
2023.03.29 22:25,5572.69,5587.59,5568.88,5581.6,0,299
,,,,,,
2023.03.29 22:20,5566.58,5577.71,5556.26,5572.56,0,300
,,,,,,
2023.03.29 22:15,5565.74,5578.27,5561.98,5567.11,0,299
,,,,,,
2023.03.29 22:10,5557.23,5570.49,5543.71,5565.46,0,295
,,,,,,
2023.03.29 22:05,5567.48,5576.77,5556.86,5556.86,0,299
,,,,,,
2023.03.29 22:00,5583.29,5588.29,5563.39,5567.96,0,299
,,,,,,
2023.03.29 21:55,5594.31,5599.16,5584.2,5584.22,0,299
,,,,,,
2023.03.29 21:50,5612.28,5618.18,5593.31,5593.69,0,298
,,,,,,
2023.03.29 21:45,5603.72,5612.81,5591.4,5611.29,0,294
,,,,,,
2023.03.29 21:40,5610.64,5614.8,5598.44,5603.63,0,297
,,,,,,
2023.03.29 21:35,5611.46,5617.81,5604.9,5610.01,0,298
,,,,,,
2023.03.29 21:30,5603.88,5614.64,5597.44,5612.83,0,300
,,,,,,
2023.03.29 21:25,5609.44,5612.15,5595.89,5603.8,0,299
,,,,,,
2023.03.29 21:20,5602.23,5614.32,5593.91,5608.49,0,297
,,,,,,
2023.03.29 21:15,5609.67,5621.08,5598.65,5601.37,0,297
,,,,,,
2023.03.29 21:10,5595.67,5609.94,5590.1,5609.94,0,298
,,,,,,
2023.03.29 21:05,5592.2,5598.52,5586.44,5596.15,0,297
,,,,,,
2023.03.29 21:00,5618.24,5624.21,5589.43,5591.13,0,300
,,,,,,
2023.03.29 20:55,5619.1,5632.74,5616.9,5618.13,0,299
,,,,,,
2023.03.29 20:50,5638.37,5646.36,5617.34,5619.43,0,300
,,,,,,
2023.03.29 20:45,5615.25,5639.86,5615.25,5638.79,0,299
,,,,,,
2023.03.29 20:40,5599.96,5617.11,5599.96,5614.73,0,297
,,,,,,
2023.03.29 20:35,5585.32,5598.73,5579.52,5598.73,0,296
,,,,,,
2023.03.29 20:30,5596.88,5598.16,5576.26,5585.89,0,299
,,,,,,
2023.03.29 20:25,5601.99,5604.78,5593.55,5598.5,0,298
,,,,,,
2023.03.29 20:20,5581.34,5602.57,5579.36,5602.29,0,297
,,,,,,
2023.03.29 20:15,5585.23,5588.61,5570.46,5581.1,0,298
,,,,,,
2023.03.29 20:10,5585.52,5595.44,5583.69,5585.25,0,299
,,,,,,
2023.03.29 20:05,5603.91,5608.44,5584.15,5585.76,0,298
,,,,,,
2023.03.29 20:00,5581.54,5603.3,5579.81,5602.75,0,298
,,,,,,
2023.03.29 19:55,5578.37,5588.32,5570.15,5580.54,0,295
,,,,,,
2023.03.29 19:50,5593.3,5603.34,5579.24,5579.79,0,300
,,,,,,
2023.03.29 19:45,5578.45,5594.15,5577.32,5592.18,0,298
,,,,,,
2023.03.29 19:40,5579.76,5586.65,5565.87,5578.51,0,299
,,,,,,
2023.03.29 19:35,5579.01,5590.04,5567.15,5579.59,0,299
,,,,,,
2023.03.29 19:30,5568.14,5581.68,5565.96,5578.5,0,298
,,,,,,
2023.03.29 19:25,5552.3,5571.63,5550.86,5567.37,0,300
,,,,,,
2023.03.29 19:20,5573.1,5577.34,5552.72,5552.72,0,298
,,,,,,
2023.03.29 19:15,5567.22,5582.13,5566.31,5572.45,0,299
,,,,,,
2023.03.29 19:10,5591.14,5591.14,5559.86,5568.68,0,300
,,,,,,
2023.03.29 19:05,5583.76,5592.59,5579.37,5589.54,0,298
,,,,,,
2023.03.29 19:00,5576.5,5585.15,5568.84,5584.38,0,298
,,,,,,
2023.03.29 18:55,5577.63,5580.23,5564.65,5576.63,0,297
,,,,,,
2023.03.29 18:50,5582.03,5582.45,5571.63,5578.89,0,297
,,,,,,
2023.03.29 18:45,5566.86,5584.25,5566.51,5580.73,0,297
,,,,,,
2023.03.29 18:40,5579.99,5586.98,5563.28,5566.62,0,298
,,,,,,
2023.03.29 18:35,5580.57,5583.59,5572.71,5580.24,0,299
,,,,,,
2023.03.29 18:30,5587.02,5594.92,5579.07,5580.88,0,299
,,,,,,
2023.03.29 18:25,5563.86,5587.36,5561.07,5587.31,0,294
,,,,,,
2023.03.29 18:20,5557.46,5570.94,5552.92,5564.33,0,297
,,,,,,
2023.03.29 18:15,5554.33,5560.56,5546.5,5556.43,0,299
,,,,,,
2023.03.29 18:10,5561.66,5563.99,5545.07,5554.16,0,298
,,,,,,
2023.03.29 18:05,5550.47,5569.71,5545.98,5561.6,0,300
,,,,,,
2023.03.29 18:00,5548.28,5560.51,5544.74,5549.9,0,300
,,,,,,
2023.03.29 17:55,5529.24,5554.18,5524.66,5548.37,0,300
,,,,,,
2023.03.29 17:50,5544.04,5549.84,5527.17,5529.51,0,300
,,,,,,
2023.03.29 17:45,5544.83,5554.99,5538.13,5543.82,0,298
,,,,,,
2023.03.29 17:40,5532.12,5547.68,5524.01,5545.35,0,297
,,,,,,
2023.03.29 17:35,5545.55,5546.88,5531.4,5533.07,0,300
,,,,,,
2023.03.29 17:30,5565.76,5568.74,5544.55,5544.6,0,299
,,,,,,
2023.03.29 17:25,5547.2,5573.69,5545.47,5564.56,0,296
,,,,,,
2023.03.29 17:20,5552.06,5553.45,5540.01,5546.9,0,298
,,,,,,
2023.03.29 17:15,5569.4,5573.92,5549.63,5552.07,0,300
,,,,,,
2023.03.29 17:10,5570.08,5579.92,5561.9,5568.56,0,298
,,,,,,
2023.03.29 17:05,5567.66,5579.15,5564.05,5571.33,0,300
,,,,,,
2023.03.29 17:00,5576.09,5577.89,5548.79,5567.39,0,297
,,,,,,
2023.03.29 16:55,5568.06,5581.95,5566.39,5575.96,0,300
,,,,,,
2023.03.29 16:50,5570.87,5571.8,5560.7,5569,0,299
,,,,,,
2023.03.29 16:45,5563.69,5571.74,5554.16,5571.74,0,298
,,,,,,
2023.03.29 16:40,5550.14,5563.38,5549.29,5563.38,0,296
,,,,,,
2023.03.29 16:35,5536.2,5550.84,5533.66,5550.84,0,297
,,,,,,
2023.03.29 16:30,5527.77,5539.57,5521.33,5536.35,0,299
,,,,,,
2023.03.29 16:25,5548.11,5551.71,5524.3,5527.5,0,297
,,,,,,
2023.03.29 16:20,5551.41,5552.19,5537.82,5547.38,0,298
,,,,,,
2023.03.29 16:15,5535.27,5552.49,5533.62,5551.55,0,299
,,,,,,
2023.03.29 16:10,5529.27,5543.81,5529.27,5534.3,0,297
,,,,,,
2023.03.29 16:05,5539.55,5548.82,5522.26,5528.43,0,299
,,,,,,
2023.03.29 16:00,5533.96,5544.42,5532.17,5538.95,0,299
,,,,,,
2023.03.29 15:55,5508.04,5538.2,5508.04,5534.24,0,298
,,,,,,
2023.03.29 15:50,5494.31,5508.85,5486.71,5507.9,0,299
,,,,,,
2023.03.29 15:45,5525.03,5526.2,5494,5494.48,0,298
,,,,,,
2023.03.29 15:40,5534.88,5539.92,5522.17,5525.78,0,299
,,,,,,
2023.03.29 15:35,5539.48,5547.25,5529.02,5534.46,0,299
,,,,,,
2023.03.29 15:30,5549.55,5553.95,5537.89,5539.6,0,299
,,,,,,
2023.03.29 15:25,5555.52,5561.76,5546.54,5549.42,0,299
,,,,,,
2023.03.29 15:20,5568.13,5572.04,5553.01,5556.04,0,297
,,,,,,
2023.03.29 15:15,5552.05,5572.31,5550.17,5568.12,0,297
,,,,,,
2023.03.29 15:10,5547.57,5555.49,5539.89,5552.59,0,300
,,,,,,
2023.03.29 15:05,5560.94,5562.06,5546.94,5547.02,0,299
,,,,,,
2023.03.29 15:00,5563.05,5565.03,5548.66,5561.7,0,296
,,,,,,
2023.03.29 14:55,5571.78,5587.24,5560.59,5562.43,0,298
,,,,,,
2023.03.29 14:50,5580.69,5592.38,5570.14,5572.92,0,298
,,,,,,
2023.03.29 14:45,5586.4,5595.61,5578.32,5581.2,0,296
,,,,,,
2023.03.29 14:40,5581.2,5590.07,5572.01,5586.3,0,300
,,,,,,
2023.03.29 14:35,5591.32,5596.61,5575.54,5581.44,0,299
,,,,,,
2023.03.29 14:30,5593.09,5597.76,5582.32,5590.31,0,298
,,,,,,
2023.03.29 14:25,5586.57,5606.09,5583.46,5593.89,0,297
,,,,,,
2023.03.29 14:20,5567.49,5599.66,5567.49,5586.5,0,299
,,,,,,
2023.03.29 14:15,5542.81,5570.2,5542.73,5567.77,0,299
,,,,,,
2023.03.29 14:10,5549.43,5552.4,5539.99,5543.98,0,299
,,,,,,
2023.03.29 14:05,5547.69,5555.43,5541.25,5548.99,0,299
,,,,,,
2023.03.29 14:00,5550.82,5560.03,5546.14,5546.14,0,299
,,,,,,
2023.03.29 13:55,5567.12,5575.53,5545.97,5550.21,0,297
,,,,,,
2023.03.29 13:50,5568.54,5582.67,5567.32,5567.53,0,299
,,,,,,
2023.03.29 13:45,5559.65,5575.2,5558.07,5568.83,0,299
,,,,,,
2023.03.29 13:40,5565.32,5574.74,5557.73,5558.43,0,299
,,,,,,
2023.03.29 13:35,5581.07,5584.28,5562.85,5564.87,0,299
,,,,,,
2023.03.29 13:30,5558.14,5584.52,5557.98,5581.04,0,299
,,,,,,
2023.03.29 13:25,5553.77,5557.37,5537.63,5557.37,0,299
,,,,,,
2023.03.29 13:20,5562.94,5568.77,5553.97,5553.97,0,298
,,,,,,
2023.03.29 13:15,5564.74,5577.33,5558.55,5563.24,0,299
,,,,,,
2023.03.29 13:10,5567.27,5582.43,5564.1,5565.72,0,297
,,,,,,
2023.03.29 13:05,5565.99,5574.4,5557.39,5566.19,0,299
,,,,,,
2023.03.29 13:00,5562.69,5569.01,5557.28,5566.46,0,297
,,,,,,
2023.03.29 12:55,5562.89,5568.03,5554.15,5562.31,0,296
,,,,,,
2023.03.29 12:50,5557.75,5565.46,5553.25,5563.13,0,298
,,,,,,
2023.03.29 12:45,5562.86,5566.04,5551.27,5557.82,0,299
,,,,,,
2023.03.29 12:40,5569.85,5573.36,5554.99,5562.85,0,300
,,,,,,
2023.03.29 12:35,5580.4,5584.77,5567.69,5569.4,0,299
,,,,,,
2023.03.29 12:30,5581.17,5586.11,5569.62,5580.14,0,298
,,,,,,
2023.03.29 12:25,5568.43,5592.57,5567.91,5580.47,0,298
,,,,,,
2023.03.29 12:20,5574.9,5583.46,5568.92,5569.54,0,299
,,,,,,
2023.03.29 12:15,5567,5578.09,5563.16,5574.79,0,299
,,,,,,
2023.03.29 12:10,5583.47,5591.92,5559.6,5567.65,0,298
,,,,,,
2023.03.29 12:05,5575.62,5586.08,5567.6,5583.99,0,299
,,,,,,
2023.03.29 12:00,5581.79,5582.03,5572.35,5575.48,0,299
,,,,,,
2023.03.29 11:55,5566.32,5584.69,5566.27,5580.83,0,298
,,,,,,
2023.03.29 11:50,5554.64,5571.42,5547.53,5565.21,0,299
,,,,,,
2023.03.29 11:45,5566.61,5570.14,5551.98,5553.77,0,299
,,,,,,
2023.03.29 11:40,5546.35,5567.76,5541.62,5567.58,0,297
,,,,,,
2023.03.29 11:35,5548.63,5550.49,5533.9,5544.65,0,297
,,,,,,
2023.03.29 11:30,5554,5560.93,5543.67,5547.54,0,299
,,,,,,
2023.03.29 11:25,5525.74,5556.86,5519.21,5553.37,0,299
,,,,,,
2023.03.29 11:20,5521.76,5526.51,5509.58,5524.67,0,299
,,,,,,
2023.03.29 11:15,5528.32,5529.65,5512.42,5520.78,0,300
,,,,,,
2023.03.29 11:10,5540.69,5543.84,5526.37,5527.18,0,299
,,,,,,
2023.03.29 11:05,5547.58,5552.02,5532.35,5541.54,0,296
,,,,,,
2023.03.29 11:00,5538.03,5548.35,5527.01,5548.13,0,299
,,,,,,
2023.03.29 10:55,5549.23,5553.46,5538.5,5538.5,0,297
,,,,,,
2023.03.29 10:50,5534.23,5549.08,5523.5,5549.08,0,298
,,,,,,
2023.03.29 10:45,5553.14,5554.41,5534.23,5534.34,0,299
,,,,,,
2023.03.29 10:40,5569.33,5569.33,5550.08,5553.93,0,297
,,,,,,
2023.03.29 10:35,5569.03,5571.82,5556.76,5569.4,0,300
,,,,,,
2023.03.29 10:30,5560.09,5573.03,5557.8,5570,0,298
,,,,,,
2023.03.29 10:25,5542.69,5562.89,5538.5,5560.82,0,295
,,,,,,
2023.03.29 10:20,5536.82,5555.98,5536.82,5542.4,0,296
,,,,,,
2023.03.29 10:15,5522.89,5538.36,5521.75,5538.36,0,299
,,,,,,
2023.03.29 10:10,5539.33,5541.26,5518.86,5523.13,0,300
,,,,,,
2023.03.29 10:05,5544.27,5546.88,5533.69,5538.83,0,300
,,,,,,
2023.03.29 10:00,5527.6,5548.15,5527.06,5543.97,0,294
,,,,,,
2023.03.29 09:55,5544.89,5549.67,5524.23,5528.6,0,298
,,,,,,
2023.03.29 09:50,5537.28,5551.01,5537.28,5545.33,0,299
,,,,,,
2023.03.29 09:45,5552.98,5554.12,5535.33,5536.83,0,298
,,,,,,
2023.03.29 09:40,5532.18,5561.06,5529.6,5554.17,0,298
,,,,,,
2023.03.29 09:35,5525.85,5536.09,5515.75,5533.21,0,300
,,,,,,
2023.03.29 09:30,5495.58,5527.77,5494.83,5525.21,0,296
,,,,,,
2023.03.29 09:25,5497.29,5502.83,5485.39,5495.19,0,297
,,,,,,
2023.03.29 09:20,5506.66,5510.15,5494.2,5496.65,0,296
,,,,,,
2023.03.29 09:15,5502.02,5508.69,5492.91,5507.45,0,297
,,,,,,
2023.03.29 09:10,5505.27,5512.12,5496.74,5501.5,0,299
,,,,,,
2023.03.29 09:05,5504.4,5514.25,5502.92,5505.26,0,299
,,,,,,
2023.03.29 09:00,5512.33,5513.13,5498.16,5505.55,0,298
,,,,,,
2023.03.29 08:55,5512.29,5524.3,5510.38,5512.34,0,300
,,,,,,
2023.03.29 08:50,5517.41,5519.43,5502.28,5512.85,0,297
,,,,,,
2023.03.29 08:45,5521.97,5528.61,5509.98,5517.9,0,299
,,,,,,
2023.03.29 08:40,5511.09,5523.44,5510.14,5522.79,0,298
,,,,,,
2023.03.29 08:35,5516.94,5519.51,5507.36,5510.79,0,300
,,,,,,
2023.03.29 08:30,5515.95,5527.96,5508.11,5517.19,0,298
,,,,,,
2023.03.29 08:25,5497.22,5517.66,5489.94,5515.34,0,300
,,,,,,
2023.03.29 08:20,5493.32,5498.98,5483.58,5497.05,0,296
,,,,,,
2023.03.29 08:15,5487.48,5498.7,5486.36,5492.81,0,299
,,,,,,
2023.03.29 08:10,5470.5,5495.63,5469.19,5487.76,0,298
,,,,,,
2023.03.29 08:05,5480.73,5484.17,5464.53,5471.43,0,298
,,,,,,
2023.03.29 08:00,5485.91,5495.3,5480.59,5480.89,0,298
,,,,,,
2023.03.29 07:55,5467.41,5487.03,5467.41,5487,0,299
,,,,,,
2023.03.29 07:50,5474.93,5479.32,5465.96,5467.33,0,300
,,,,,,
2023.03.29 07:45,5475.64,5491.86,5474.69,5474.69,0,298
,,,,,,
2023.03.29 07:40,5492.27,5493.67,5475.55,5475.82,0,298
,,,,,,
2023.03.29 07:35,5497.14,5511.38,5490.43,5492.63,0,300
,,,,,,
2023.03.29 07:30,5484.36,5498.43,5480.79,5496.56,0,298
,,,,,,
2023.03.29 07:25,5486.05,5490.44,5478.79,5483.58,0,298
,,,,,,
2023.03.29 07:20,5476.66,5486.64,5470.01,5485.72,0,300
,,,,,,
2023.03.29 07:15,5466.07,5480.91,5465.4,5475.36,0,300
,,,,,,
2023.03.29 07:10,5457.87,5471.98,5455.68,5465.52,0,298
,,,,,,
2023.03.29 07:05,5478.37,5486.61,5454.2,5457.7,0,299
,,,,,,
2023.03.29 07:00,5464.06,5477.87,5463.01,5477.82,0,299
,,,,,,
2023.03.29 06:55,5474.77,5474.77,5456.33,5464.26,0,299
,,,,,,
2023.03.29 06:50,5479.74,5489.65,5473.39,5474.44,0,299
,,,,,,
2023.03.29 06:45,5486.89,5490.31,5477.24,5479.61,0,297
,,,,,,
2023.03.29 06:40,5485.69,5499.86,5482.54,5487.55,0,299
,,,,,,
2023.03.29 06:35,5492.5,5502.08,5484.35,5486.83,0,295
,,,,,,
2023.03.29 06:30,5485.39,5494.43,5477.48,5491.97,0,299
,,,,,,
2023.03.29 06:25,5477.83,5492.39,5471.36,5486.21,0,299
,,,,,,
2023.03.29 06:20,5474.83,5481.33,5467.38,5479.03,0,298
,,,,,,
2023.03.29 06:15,5475.34,5481.38,5468.55,5473.72,0,298
,,,,,,
2023.03.29 06:10,5490.26,5490.95,5475.62,5475.96,0,297
,,,,,,
2023.03.29 06:05,5479.79,5500.89,5474.58,5491.18,0,300
,,,,,,
2023.03.29 06:00,5472.58,5484.18,5467.31,5479.46,0,299
,,,,,,
2023.03.29 05:55,5459.19,5471.79,5454.98,5471.43,0,298
,,,,,,
2023.03.29 05:50,5461.05,5465.13,5451.71,5459.68,0,299
,,,,,,
2023.03.29 05:45,5461.03,5470.97,5456.53,5462.64,0,299
,,,,,,
2023.03.29 05:40,5437.02,5463.94,5437.02,5459.91,0,300
,,,,,,
2023.03.29 05:35,5427.48,5440.39,5426.42,5438.13,0,300
,,,,,,
2023.03.29 05:30,5422.79,5430.05,5415.54,5426.13,0,297
,,,,,,
2023.03.29 05:25,5418.78,5431.55,5410.45,5423.03,0,298
,,,,,,
2023.03.29 05:20,5431.35,5432.39,5412.98,5418.58,0,298
,,,,,,
2023.03.29 05:15,5430.23,5439.19,5424.07,5431.44,0,297
,,,,,,
2023.03.29 05:10,5429.66,5437.05,5424.64,5429.8,0,299
,,,,,,
2023.03.29 05:05,5451.15,5453.4,5429.76,5429.76,0,300
,,,,,,
2023.03.29 05:00,5464.33,5469.78,5447.89,5450.58,0,299
,,,,,,
2023.03.29 04:55,5459.95,5468.45,5453.58,5464.17,0,298
,,,,,,
2023.03.29 04:50,5491.6,5492.56,5457.6,5460.1,0,299
,,,,,,
2023.03.29 04:45,5505.29,5509.4,5490.23,5490.31,0,296
,,,,,,
2023.03.29 04:40,5496.69,5515.02,5495,5504.67,0,299
,,,,,,
2023.03.29 04:35,5508.75,5508.75,5489.1,5496.44,0,299
,,,,,,
2023.03.29 04:30,5506.05,5510.34,5495.72,5508.96,0,294
,,,,,,
2023.03.29 04:25,5496.93,5515.4,5492.76,5504.88,0,298
,,,,,,
2023.03.29 04:20,5496.39,5502.69,5493,5496.33,0,297
,,,,,,
2023.03.29 04:15,5462.11,5498.03,5461.98,5497.39,0,299
,,,,,,
2023.03.29 04:10,5455.59,5472.21,5453.1,5461.8,0,298
,,,,,,
2023.03.29 04:05,5434.48,5459.62,5429.85,5455.75,0,300
,,,,,,
2023.03.29 04:00,5410.63,5436.91,5407.97,5434.61,0,299
,,,,,,
2023.03.29 03:55,5431.81,5435.51,5410.04,5410.07,0,297
,,,,,,
2023.03.29 03:50,5418.07,5433.69,5417.78,5430.97,0,300
,,,,,,
2023.03.29 03:45,5434.67,5436.17,5417,5417.16,0,299
,,,,,,
2023.03.29 03:40,5408.92,5435.29,5405.87,5433.76,0,297
,,,,,,
2023.03.29 03:35,5412.21,5413.58,5394.31,5409.31,0,299
,,,,,,
2023.03.29 03:30,5417.32,5425.1,5410.54,5412.37,0,298
,,,,,,
2023.03.29 03:25,5406.76,5417.5,5403.92,5417.5,0,299
,,,,,,
2023.03.29 03:20,5432.43,5435.88,5405.9,5406.55,0,298
,,,,,,
2023.03.29 03:15,5432.26,5433.28,5421.2,5433.16,0,300
,,,,,,
2023.03.29 03:10,5430.11,5440.05,5428.86,5431.72,0,300
,,,,,,
2023.03.29 03:05,5444.41,5457.45,5429.23,5431.16,0,299
,,,,,,
2023.03.29 03:00,5459.03,5463.57,5441.46,5445.4,0,298
,,,,,,
2023.03.29 02:55,5457.2,5459.62,5443.51,5459.29,0,298
,,,,,,
2023.03.29 02:50,5440.59,5457.4,5433.64,5457.4,0,297
,,,,,,
2023.03.29 02:45,5442.68,5444.79,5426.63,5438.19,0,298
,,,,,,
2023.03.29 02:40,5436.35,5454.63,5436.26,5441.89,0,298
,,,,,,
2023.03.29 02:35,5428.73,5442.56,5426.19,5436.7,0,296
,,,,,,
2023.03.29 02:30,5432.54,5439.87,5427.67,5429.12,0,297
,,,,,,
2023.03.29 02:25,5432.04,5443.44,5423.48,5433.01,0,299
,,,,,,
2023.03.29 02:20,5423.63,5437.27,5423.08,5431.6,0,299
,,,,,,
2023.03.29 02:15,5444.94,5445.75,5423.77,5423.77,0,299
,,,,,,
2023.03.29 02:10,5435.22,5447.84,5431.24,5444.98,0,296
,,,,,,
2023.03.29 02:05,5468.84,5469.78,5434.51,5434.52,0,297
,,,,,,
2023.03.29 02:00,5465.24,5470.51,5447.49,5468.05,0,298
,,,,,,
2023.03.29 01:55,5463.77,5474.73,5463.75,5465.2,0,296
,,,,,,
2023.03.29 01:50,5451.31,5466.14,5450.89,5463.92,0,300
,,,,,,
2023.03.29 01:45,5438.99,5459.1,5437.11,5450.76,0,299
,,,,,,
2023.03.29 01:40,5423.7,5439.85,5415.25,5439.16,0,300
,,,,,,
2023.03.29 01:35,5393.16,5424.99,5386.44,5424.22,0,299
,,,,,,
2023.03.29 01:30,5398.63,5403.16,5387.94,5393.94,0,295
,,,,,,
2023.03.29 01:25,5393.81,5401.49,5384.43,5398.92,0,297
,,,,,,
2023.03.29 01:20,5382.88,5397,5374.83,5394.37,0,299
,,,,,,
2023.03.29 01:15,5366.6,5386.79,5363.59,5383.25,0,300
,,,,,,
2023.03.29 01:10,5376.38,5385.97,5363.16,5366.72,0,298
,,,,,,
2023.03.29 01:05,5364.36,5377.71,5361.22,5375.71,0,298
,,,,,,
2023.03.29 01:00,5367.37,5369.72,5357.13,5366.17,0,297
,,,,,,
2023.03.29 00:55,5361.75,5373.74,5355.27,5367.09,0,299
,,,,,,
2023.03.29 00:50,5369.84,5376.9,5360.18,5362.12,0,300
,,,,,,
2023.03.29 00:45,5368.1,5384.06,5367.98,5370.67,0,299
,,,,,,
2023.03.29 00:40,5359.54,5375.81,5359.54,5367.35,0,297
,,,,,,
2023.03.29 00:35,5371.62,5380.27,5354.34,5361.06,0,297
,,,,,,
2023.03.29 00:30,5363.89,5380.65,5359.24,5373.36,0,299
,,,,,,
2023.03.29 00:25,5371.45,5375.25,5363,5363.55,0,298
,,,,,,
2023.03.29 00:20,5387.11,5388.17,5371.31,5371.31,0,299
,,,,,,
2023.03.29 00:15,5398.21,5400.64,5387.39,5387.39,0,297
,,,,,,
2023.03.29 00:10,5394.85,5401.03,5381.37,5397.21,0,298
,,,,,,
2023.03.29 00:05,5371.7,5396.33,5368.67,5394.93,0,299
,,,,,,
2023.03.29 00:00,5349.92,5376.1,5349.92,5371.72,0,298
,,,,,,
2023.03.28 23:55,5365.29,5372.54,5342.58,5350.59,0,298
,,,,,,
2023.03.28 23:50,5368.04,5378.25,5362.31,5366.96,0,300
,,,,,,
2023.03.28 23:45,5355.36,5378.12,5354.08,5368.29,0,298
,,,,,,
2023.03.28 23:40,5345.5,5359.94,5341.12,5355.56,0,300
,,,,,,
2023.03.28 23:35,5372.38,5372.85,5344.02,5345.54,0,296
,,,,,,
2023.03.28 23:30,5384.52,5384.52,5361.81,5370.56,0,300
,,,,,,
2023.03.28 23:25,5397.8,5400.08,5383.37,5383.59,0,298
,,,,,,
2023.03.28 23:20,5411.51,5416.15,5390.14,5398.07,0,299
,,,,,,
2023.03.28 23:15,5415.24,5429.12,5405.19,5411.44,0,300
,,,,,,
2023.03.28 23:10,5404.09,5416.46,5397.97,5416.33,0,298
,,,,,,
2023.03.28 23:05,5394.23,5409.55,5386.89,5402.91,0,299
,,,,,,
2023.03.28 23:00,5368.99,5393.37,5365.92,5393.06,0,299
,,,,,,
2023.03.28 22:55,5392.23,5392.8,5366.48,5368.16,0,299
,,,,,,
2023.03.28 22:50,5406.34,5410.7,5387.13,5392.5,0,299
,,,,,,
2023.03.28 22:45,5398.66,5406.6,5390.63,5406.6,0,299
,,,,,,
2023.03.28 22:40,5401.43,5411.85,5388.12,5398.09,0,300
,,,,,,
2023.03.28 22:35,5414.25,5425.38,5401.56,5401.56,0,297
,,,,,,
2023.03.28 22:30,5430.55,5430.55,5409.87,5414.94,0,297
,,,,,,
2023.03.28 22:25,5436.83,5446.45,5427.66,5430.64,0,298
,,,,,,
2023.03.28 22:20,5433.54,5449.35,5431.08,5435.71,0,296
,,,,,,
2023.03.28 22:15,5442.87,5453.22,5432.07,5433.98,0,299
,,,,,,
2023.03.28 22:10,5440.79,5454.98,5439.85,5443.65,0,299
,,,,,,
2023.03.28 22:05,5448.89,5457.91,5438.18,5441.27,0,300
,,,,,,
2023.03.28 22:00,5447.43,5459.16,5445.02,5448.89,0,298
,,,,,,
2023.03.28 21:55,5447.83,5454.46,5436.6,5447.05,0,299
,,,,,,
2023.03.28 21:50,5442.78,5451.99,5438.3,5446.39,0,296
,,,,,,
2023.03.28 21:45,5451.97,5458.54,5443.06,5443.06,0,299
,,,,,,
2023.03.28 21:40,5446.65,5458.42,5444.85,5453.31,0,300
,,,,,,
2023.03.28 21:35,5448.94,5455.05,5439.11,5445.77,0,298
,,,,,,
2023.03.28 21:30,5434.14,5451.39,5431.77,5448.65,0,298
,,,,,,
2023.03.28 21:25,5448.49,5448.49,5429.22,5433.74,0,299
,,,,,,
2023.03.28 21:20,5433.97,5449.21,5433.05,5448.32,0,298
,,,,,,
2023.03.28 21:15,5433.35,5442.53,5424.3,5434.11,0,296
,,,,,,
2023.03.28 21:10,5423.47,5436.77,5423.01,5433.55,0,299
,,,,,,
2023.03.28 21:05,5389.07,5424.41,5388.16,5422.66,0,299
,,,,,,
2023.03.28 21:00,5392.5,5400.56,5389.06,5389.06,0,298
,,,,,,
2023.03.28 20:55,5392.24,5398.39,5381.03,5392.79,0,297
,,,,,,
2023.03.28 20:50,5395.67,5395.67,5381.26,5391.64,0,300
,,,,,,
2023.03.28 20:45,5382.38,5398.35,5381.65,5395.01,0,299
,,,,,,
2023.03.28 20:40,5378,5395.1,5374.64,5382.32,0,300
,,,,,,
2023.03.28 20:35,5384.56,5388.61,5375.61,5378.56,0,297
,,,,,,
2023.03.28 20:30,5415.61,5415.72,5384.19,5385.03,0,296
,,,,,,
2023.03.28 20:25,5393.11,5421.25,5392.3,5415.09,0,298
,,,,,,
2023.03.28 20:20,5380.03,5395.71,5371.46,5394.29,0,300
,,,,,,
2023.03.28 20:15,5381.81,5389.59,5371.14,5379.83,0,300
,,,,,,
2023.03.28 20:10,5355.25,5382.4,5352.77,5382.4,0,299
,,,,,,
2023.03.28 20:05,5356.43,5357.58,5340.09,5356.3,0,298
,,,,,,
2023.03.28 20:00,5366.19,5371.09,5355.06,5356.39,0,298
,,,,,,
2023.03.28 19:55,5391.12,5391.9,5366.55,5367.14,0,299
,,,,,,
2023.03.28 19:50,5407.72,5412.46,5389.85,5392.41,0,298
,,,,,,
2023.03.28 19:45,5402.91,5410.88,5395.4,5407.35,0,298
,,,,,,
2023.03.28 19:40,5402.07,5410.56,5396.44,5403.41,0,300
,,,,,,
2023.03.28 19:35,5408.14,5414.17,5393.84,5401.61,0,300
,,,,,,
2023.03.28 19:30,5385.22,5408.4,5385.22,5408.4,0,299
,,,,,,
2023.03.28 19:25,5385.61,5386.51,5372.11,5385.8,0,299
,,,,,,
2023.03.28 19:20,5383.08,5393.18,5375.91,5386.59,0,298
,,,,,,
2023.03.28 19:15,5394.85,5396.24,5371.09,5383.85,0,300
,,,,,,
2023.03.28 19:10,5395.62,5400.18,5382.99,5394.52,0,299
,,,,,,
2023.03.28 19:05,5388.98,5398.09,5383.68,5395.95,0,299
,,,,,,
2023.03.28 19:00,5376.68,5396.35,5375.95,5388.6,0,300
,,,,,,
2023.03.28 18:55,5367.14,5379.29,5361.89,5375.98,0,297
,,,,,,
2023.03.28 18:50,5360.97,5375.45,5358.53,5367.36,0,299
,,,,,,
2023.03.28 18:45,5384.97,5387.49,5355.78,5361.84,0,296
,,,,,,
2023.03.28 18:40,5397.69,5402.2,5384.12,5384.2,0,298
,,,,,,
2023.03.28 18:35,5417.95,5418.38,5397.32,5397.32,0,300
,,,,,,
2023.03.28 18:30,5384.24,5420.08,5380.45,5418.92,0,298
,,,,,,
2023.03.28 18:25,5402.57,5402.61,5379.63,5384.37,0,298
,,,,,,
2023.03.28 18:20,5392.64,5407.17,5391.62,5402.15,0,300
,,,,,,
2023.03.28 18:15,5384.19,5397.59,5377.3,5392.08,0,298
,,,,,,
2023.03.28 18:10,5388.25,5391.19,5375.44,5384.14,0,299
,,,,,,
2023.03.28 18:05,5389.7,5405.21,5387.93,5389.26,0,297
,,,,,,
2023.03.28 18:00,5391.03,5397.69,5381.72,5389.94,0,298
